,Image,Size
0,352_NormalFeet78.jpg,"(26, 43)"
1,262_NormalFeet198.jpg,"(27, 41)"
2,1.0_138.jpg,"(33, 105)"
3,289_NormalFeet224.jpg,"(34, 31)"
4,234_NormalFeet172.jpg,"(34, 58)"
5,1.0_90.jpg,"(36, 55)"
6,1.0_3.jpg,"(37, 37)"
7,269_NormalFeet203.jpg,"(40, 33)"
8,1.0_21.jpg,"(40, 107)"
9,333_NormalFeet60.jpg,"(40, 130)"
10,259_NormalFeet195.jpg,"(41, 20)"
11,237_NormalFeet175.jpg,"(41, 54)"
12,247_NormalFeet184.jpg,"(41, 120)"
13,233_NormalFeet171.jpg,"(42, 75)"
14,1.0_107.jpg,"(42, 77)"
15,273_NormalFeet207.jpg,"(45, 37)"
16,246_NormalFeet183.jpg,"(45, 50)"
17,1.0_4.jpg,"(45, 76)"
18,1.0_139.jpg,"(46, 49)"
19,1.0_129.jpg,"(46, 61)"
20,341_NormalFeet68.jpg,"(46, 124)"
21,351_NormalFeet77.jpg,"(48, 55)"
22,164_NormalFeet109.jpg,"(49, 25)"
23,329_NormalFeet57.jpg,"(49, 40)"
24,238_NormalFeet176.jpg,"(49, 45)"
25,1.0_35.jpg,"(49, 160)"
26,1.0_23.jpg,"(50, 107)"
27,270_NormalFeet204.jpg,"(51, 80)"
28,1.0_160.jpg,"(51, 93)"
29,342_NormalFeet69.jpg,"(51, 152)"
30,1.0_205.jpg,"(53, 75)"
31,328_NormalFeet56.jpg,"(53, 77)"
32,336_NormalFeet63.jpg,"(53, 97)"
33,245_NormalFeet182.jpg,"(55, 27)"
34,278_NormalFeet211.jpg,"(55, 40)"
35,374_NormalFeet98.jpg,"(55, 55)"
36,232_NormalFeet170.jpg,"(55, 62)"
37,325_NormalFeet53.jpg,"(58, 52)"
38,345_NormalFeet71.jpg,"(58, 60)"
39,340_NormalFeet67.jpg,"(59, 20)"
40,372_NormalFeet96.jpg,"(59, 24)"
41,1.0_102.jpg,"(59, 70)"
42,236_NormalFeet174.jpg,"(60, 69)"
43,155_NormalFeet100.jpg,"(60, 98)"
44,1.0_116.jpg,"(60, 122)"
45,272_NormalFeet206.jpg,"(61, 45)"
46,1.0_84.jpg,"(61, 99)"
47,276_NormalFeet21.jpg,"(61, 127)"
48,1.0_252.jpg,"(61, 131)"
49,1.0_33.jpg,"(61, 161)"
50,338_NormalFeet65.jpg,"(62, 30)"
51,268_NormalFeet202.jpg,"(62, 78)"
52,267_NormalFeet201.jpg,"(62, 86)"
53,220_NormalFeet16.jpg,"(63, 39)"
54,367_NormalFeet91.jpg,"(63, 77)"
55,1.0_96.jpg,"(63, 139)"
56,1.0_99.jpg,"(64, 68)"
57,1.0_201.jpg,"(64, 142)"
58,163_NormalFeet108.jpg,"(65, 41)"
59,354_NormalFeet8.jpg,"(65, 48)"
60,118_IMG_0330.jpg,"(65, 65)"
61,23_IMG_0157.jpg,"(65, 65)"
62,62_IMG_0237.jpg,"(65, 65)"
63,79_IMG_0259.jpg,"(65, 65)"
64,8_IMG_0131.jpg,"(65, 65)"
65,113_IMG_0324.jpg,"(65, 66)"
66,11_IMG_0134.jpg,"(65, 66)"
67,151_IMG_0368.jpg,"(65, 66)"
68,359_NormalFeet84.jpg,"(65, 70)"
69,19_IMG_0152.jpg,"(65, 94)"
70,225_NormalFeet164.jpg,"(65, 117)"
71,127_IMG_0340.jpg,"(65, 123)"
72,1.0_106.jpg,"(65, 136)"
73,1.0_104.jpg,"(65, 170)"
74,260_NormalFeet196.jpg,"(66, 60)"
75,22_IMG_0156.jpg,"(66, 65)"
76,322_NormalFeet50.jpg,"(66, 73)"
77,1.0_278.jpg,"(66, 84)"
78,74_IMG_0253.jpg,"(66, 96)"
79,177_NormalFeet120.jpg,"(66, 146)"
80,1.0_9.jpg,"(67, 50)"
81,114_IMG_0325.jpg,"(67, 65)"
82,293_NormalFeet24.jpg,"(68, 112)"
83,128_IMG_0342.jpg,"(68, 115)"
84,332_NormalFeet6.jpg,"(69, 40)"
85,358_NormalFeet83.jpg,"(69, 54)"
86,271_NormalFeet205.jpg,"(69, 58)"
87,320_NormalFeet49.jpg,"(69, 64)"
88,371_NormalFeet95.jpg,"(69, 85)"
89,160_NormalFeet105.jpg,"(69, 104)"
90,365_NormalFeet9.jpg,"(70, 36)"
91,138_IMG_0352.jpg,"(70, 65)"
92,1.0_8.jpg,"(70, 133)"
93,373_NormalFeet97.jpg,"(71, 89)"
94,311_NormalFeet40.jpg,"(71, 100)"
95,1.0_272.jpg,"(71, 103)"
96,294_NormalFeet25.jpg,"(71, 136)"
97,277_NormalFeet210.jpg,"(72, 40)"
98,321_NormalFeet5.jpg,"(72, 47)"
99,361_NormalFeet86.jpg,"(72, 49)"
100,63_IMG_0238.jpg,"(72, 75)"
101,1.0_189.jpg,"(72, 87)"
102,230_NormalFeet169.jpg,"(72, 147)"
103,161_NormalFeet106.jpg,"(73, 41)"
104,223_NormalFeet162.jpg,"(73, 42)"
105,179_NormalFeet122.jpg,"(73, 44)"
106,297_NormalFeet28.jpg,"(73, 53)"
107,14_IMG_0138.jpg,"(73, 65)"
108,100_IMG_0307.jpg,"(74, 65)"
109,45_IMG_0211.jpg,"(74, 65)"
110,107_IMG_0317.jpg,"(74, 70)"
111,120_IMG_0332.jpg,"(74, 93)"
112,255_NormalFeet191.jpg,"(75, 64)"
113,28_IMG_0170.jpg,"(75, 65)"
114,1.0_137.jpg,"(75, 198)"
115,1.0_248.jpg,"(76, 60)"
116,141_IMG_0356.jpg,"(76, 65)"
117,86_IMG_0287.jpg,"(76, 65)"
118,102_IMG_0311.jpg,"(76, 86)"
119,18_IMG_0151.jpg,"(76, 87)"
120,1.0_217.jpg,"(76, 137)"
121,1.0_19.jpg,"(76, 145)"
122,188_NormalFeet130.jpg,"(77, 35)"
123,275_NormalFeet209.jpg,"(77, 41)"
124,88_IMG_0290.jpg,"(77, 65)"
125,357_NormalFeet82.jpg,"(77, 104)"
126,1.0_282.jpg,"(77, 107)"
127,1.0_260.jpg,"(77, 152)"
128,1.0_7.jpg,"(78, 40)"
129,302_NormalFeet32.jpg,"(78, 45)"
130,93_IMG_0297.jpg,"(78, 65)"
131,144_IMG_0360.jpg,"(78, 74)"
132,186_NormalFeet129.jpg,"(78, 74)"
133,1.0_222.jpg,"(78, 76)"
134,366_NormalFeet90.jpg,"(78, 88)"
135,1.0_254.jpg,"(78, 112)"
136,337_NormalFeet64.jpg,"(79, 29)"
137,324_NormalFeet52.jpg,"(79, 52)"
138,117_IMG_0328.jpg,"(79, 68)"
139,53_IMG_0224.jpg,"(79, 79)"
140,241_NormalFeet179.jpg,"(79, 81)"
141,108_IMG_0318.jpg,"(79, 89)"
142,1.0_27.jpg,"(79, 93)"
143,115_IMG_0326.jpg,"(79, 94)"
144,1.0_271.jpg,"(79, 110)"
145,287_NormalFeet22.jpg,"(80, 40)"
146,143_IMG_0358.jpg,"(80, 65)"
147,43_IMG_0209.jpg,"(80, 80)"
148,1.0_157.jpg,"(80, 81)"
149,47_IMG_0216.jpg,"(80, 83)"
150,132_IMG_0345.jpg,"(80, 97)"
151,1.0_169.jpg,"(80, 125)"
152,1.0_207.jpg,"(80, 165)"
153,129_IMG_0343.jpg,"(81, 73)"
154,60_IMG_0234.jpg,"(81, 91)"
155,1.0_105.jpg,"(81, 94)"
156,1.0_283.jpg,"(81, 120)"
157,319_NormalFeet48.jpg,"(82, 43)"
158,1.0_98.jpg,"(82, 50)"
159,1.0_10.jpg,"(82, 61)"
160,106_IMG_0315.jpg,"(82, 75)"
161,1.0_76.jpg,"(82, 97)"
162,1.0_109.jpg,"(82, 138)"
163,244_NormalFeet181.jpg,"(83, 48)"
164,1.0_200.jpg,"(83, 69)"
165,9_IMG_0132.jpg,"(83, 94)"
166,307_NormalFeet37.jpg,"(84, 48)"
167,142_IMG_0357.jpg,"(84, 78)"
168,73_IMG_0252.jpg,"(84, 92)"
169,64_IMG_0239.jpg,"(84, 106)"
170,327_NormalFeet55.jpg,"(84, 107)"
171,171_NormalFeet115.jpg,"(85, 44)"
172,303_NormalFeet33.jpg,"(85, 49)"
173,326_NormalFeet54.jpg,"(85, 59)"
174,176_NormalFeet12.jpg,"(85, 61)"
175,2_IMG_0108.jpg,"(85, 65)"
176,66_IMG_0243.jpg,"(85, 87)"
177,136_IMG_0350.jpg,"(85, 88)"
178,1.0_62.jpg,"(85, 141)"
179,1.0_147.jpg,"(85, 192)"
180,32_IMG_0176.jpg,"(86, 66)"
181,91_IMG_0294.jpg,"(86, 75)"
182,34_IMG_0178.jpg,"(86, 88)"
183,254_NormalFeet190.jpg,"(87, 51)"
184,90_IMG_0293.jpg,"(87, 69)"
185,1.0_113.jpg,"(87, 71)"
186,1.0_259.jpg,"(87, 72)"
187,242_NormalFeet18.jpg,"(88, 41)"
188,355_NormalFeet80.jpg,"(88, 48)"
189,165_NormalFeet11.jpg,"(88, 59)"
190,178_NormalFeet121.jpg,"(88, 67)"
191,1.0_170.jpg,"(88, 70)"
192,1.0_130.jpg,"(89, 38)"
193,266_NormalFeet200.jpg,"(89, 69)"
194,69_IMG_0247.jpg,"(89, 79)"
195,15_IMG_0139.jpg,"(89, 90)"
196,46_IMG_0214.jpg,"(89, 97)"
197,224_NormalFeet163.jpg,"(90, 46)"
198,1.0_181.jpg,"(90, 50)"
199,72_IMG_0251.jpg,"(90, 89)"
200,92_IMG_0296.jpg,"(90, 89)"
201,1.0_143.jpg,"(90, 125)"
202,258_NormalFeet194.jpg,"(91, 54)"
203,226_NormalFeet165.jpg,"(91, 55)"
204,17_IMG_0150.jpg,"(91, 65)"
205,13_IMG_0137.jpg,"(91, 66)"
206,1.0_218.jpg,"(91, 71)"
207,6_IMG_0128.jpg,"(91, 72)"
208,1.0_279.jpg,"(91, 73)"
209,5_IMG_0111.jpg,"(91, 82)"
210,249_NormalFeet186.jpg,"(91, 135)"
211,364_NormalFeet89.jpg,"(91, 240)"
212,290_NormalFeet225.jpg,"(92, 36)"
213,343_NormalFeet7.jpg,"(92, 65)"
214,21_IMG_0154.jpg,"(92, 77)"
215,315_NormalFeet44.jpg,"(92, 100)"
216,12_IMG_0136.jpg,"(93, 65)"
217,152_IMG_0369.jpg,"(93, 65)"
218,1.0_225.jpg,"(93, 107)"
219,146_IMG_0362.jpg,"(94, 83)"
220,183_NormalFeet126.jpg,"(94, 130)"
221,139_IMG_0354.jpg,"(95, 81)"
222,228_NormalFeet167.jpg,"(95, 81)"
223,25_IMG_0159.jpg,"(95, 88)"
224,1.0_103.jpg,"(95, 108)"
225,1.0_224.jpg,"(95, 109)"
226,314_NormalFeet43.jpg,"(95, 187)"
227,316_NormalFeet45.jpg,"(96, 39)"
228,335_NormalFeet62.jpg,"(96, 54)"
229,109_IMG_0319.jpg,"(96, 73)"
230,67_IMG_0245.jpg,"(96, 95)"
231,119_IMG_0331.jpg,"(96, 96)"
232,1.0_179.jpg,"(96, 138)"
233,154_NormalFeet10.jpg,"(97, 58)"
234,75_IMG_0254.jpg,"(97, 73)"
235,116_IMG_0327.jpg,"(97, 98)"
236,158_NormalFeet103.jpg,"(97, 104)"
237,124_IMG_0337.jpg,"(97, 118)"
238,1.0_50.jpg,"(97, 149)"
239,1.0_251.jpg,"(97, 156)"
240,140_IMG_0355.jpg,"(98, 65)"
241,16_IMG_0148.jpg,"(98, 65)"
242,274_NormalFeet208.jpg,"(98, 65)"
243,304_NormalFeet34.jpg,"(98, 70)"
244,209_NormalFeet15.jpg,"(98, 93)"
245,184_NormalFeet127.jpg,"(98, 94)"
246,135_IMG_0349.jpg,"(98, 103)"
247,330_NormalFeet58.jpg,"(98, 124)"
248,1.0_117.jpg,"(98, 171)"
249,125_IMG_0338.jpg,"(98, 174)"
250,20_IMG_0153.jpg,"(99, 81)"
251,122_IMG_0334.jpg,"(99, 98)"
252,1.0_2.jpg,"(99, 130)"
253,121_IMG_0333.jpg,"(99, 214)"
254,110_IMG_0320.jpg,"(100, 65)"
255,1.0_115.jpg,"(100, 162)"
256,1.0_108.jpg,"(100, 225)"
257,369_NormalFeet93.jpg,"(101, 63)"
258,78_IMG_0258.jpg,"(101, 77)"
259,123_IMG_0336.jpg,"(101, 84)"
260,61_IMG_0235.jpg,"(101, 90)"
261,7_IMG_0130.jpg,"(101, 90)"
262,1.0_262.jpg,"(101, 118)"
263,134_IMG_0348.jpg,"(101, 136)"
264,252_NormalFeet189.jpg,"(102, 54)"
265,1.0_110.jpg,"(102, 67)"
266,111_IMG_0321.jpg,"(102, 84)"
267,1.0_86.jpg,"(102, 87)"
268,1.0_101.jpg,"(102, 113)"
269,97_IMG_0303.jpg,"(102, 116)"
270,1_IMG_0106.jpg,"(102, 132)"
271,4_IMG_0110.jpg,"(102, 142)"
272,1.0_257.jpg,"(102, 165)"
273,350_NormalFeet76.jpg,"(103, 27)"
274,299_NormalFeet3.jpg,"(103, 62)"
275,133_IMG_0346.jpg,"(103, 97)"
276,1.0_144.jpg,"(103, 108)"
277,1.0_286.jpg,"(103, 178)"
278,1.0_196.jpg,"(104, 50)"
279,30_IMG_0172.jpg,"(104, 65)"
280,292_NormalFeet23.jpg,"(104, 71)"
281,368_NormalFeet92.jpg,"(104, 78)"
282,76_IMG_0255.jpg,"(104, 91)"
283,1.0_126.jpg,"(104, 99)"
284,94_IMG_0299.jpg,"(104, 99)"
285,59_IMG_0233.jpg,"(104, 121)"
286,26_IMG_0167.jpg,"(104, 123)"
287,251_NormalFeet188.jpg,"(104, 168)"
288,1.0_29.jpg,"(104, 202)"
289,1.0_165.jpg,"(104, 207)"
290,169_NormalFeet113.jpg,"(105, 52)"
291,1.0_246.jpg,"(105, 80)"
292,1.0_264.jpg,"(105, 83)"
293,1.0_265.jpg,"(105, 88)"
294,148_IMG_0364.jpg,"(105, 108)"
295,44_IMG_0210.jpg,"(105, 117)"
296,1.0_193.jpg,"(106, 33)"
297,149_IMG_0366.jpg,"(106, 94)"
298,1.0_284.jpg,"(106, 157)"
299,55_IMG_0226.jpg,"(106, 158)"
300,162_NormalFeet107.jpg,"(107, 77)"
301,57_IMG_0231.jpg,"(107, 86)"
302,101_IMG_0308.jpg,"(107, 104)"
303,1.0_275.jpg,"(107, 122)"
304,1.0_82.jpg,"(107, 136)"
305,1.0_186.jpg,"(107, 140)"
306,1.0_52.jpg,"(107, 184)"
307,81_IMG_0279.jpg,"(108, 65)"
308,95_IMG_0300.jpg,"(108, 65)"
309,1.0_176.jpg,"(108, 87)"
310,1.0_291.jpg,"(108, 101)"
311,130_IMG_0344 (2).jpg,"(108, 102)"
312,98_IMG_0304.jpg,"(108, 134)"
313,1.0_6.jpg,"(108, 137)"
314,231_NormalFeet17.jpg,"(109, 47)"
315,295_NormalFeet26.jpg,"(109, 91)"
316,1.0_289.jpg,"(109, 105)"
317,1.0_182.jpg,"(109, 111)"
318,265_NormalFeet20.jpg,"(110, 60)"
319,83_IMG_0282.jpg,"(110, 65)"
320,312_NormalFeet41.jpg,"(110, 76)"
321,24_IMG_0158.jpg,"(110, 97)"
322,1.0_12.jpg,"(111, 54)"
323,256_NormalFeet192.jpg,"(111, 79)"
324,39_IMG_0204.jpg,"(111, 84)"
325,80_IMG_0260.jpg,"(111, 84)"
326,1.0_240.jpg,"(111, 96)"
327,70_IMG_0248.jpg,"(111, 101)"
328,264_NormalFeet2.jpg,"(112, 73)"
329,257_NormalFeet193.jpg,"(112, 80)"
330,56_IMG_0229.jpg,"(112, 85)"
331,1.0_230.jpg,"(112, 113)"
332,51_IMG_0221.jpg,"(112, 136)"
333,1.0_223.jpg,"(112, 176)"
334,235_NormalFeet173.jpg,"(113, 76)"
335,1.0_140.jpg,"(113, 80)"
336,50_IMG_0220.jpg,"(113, 82)"
337,104_IMG_0313.jpg,"(113, 121)"
338,68_IMG_0246.jpg,"(113, 121)"
339,1.0_25.jpg,"(113, 244)"
340,145_IMG_0361.jpg,"(114, 103)"
341,1.0_204.jpg,"(114, 127)"
342,1.0_18.jpg,"(114, 138)"
343,1.0_192.jpg,"(115, 72)"
344,1.0_80.jpg,"(115, 116)"
345,1.0_149.jpg,"(115, 179)"
346,310_NormalFeet4.jpg,"(116, 41)"
347,58_IMG_0232.jpg,"(116, 101)"
348,1.0_253.jpg,"(117, 65)"
349,77_IMG_0257.jpg,"(117, 65)"
350,250_NormalFeet187.jpg,"(117, 66)"
351,105_IMG_0314.jpg,"(117, 113)"
352,27_IMG_0169.jpg,"(118, 76)"
353,1.0_288.jpg,"(118, 88)"
354,82_IMG_0281.jpg,"(118, 93)"
355,99_IMG_0306.jpg,"(118, 117)"
356,1.0_250.jpg,"(118, 123)"
357,1.0_172.jpg,"(119, 60)"
358,301_NormalFeet31.jpg,"(119, 131)"
359,65_IMG_0240.jpg,"(119, 149)"
360,1.0_131.jpg,"(119, 174)"
361,323_NormalFeet51.jpg,"(120, 39)"
362,38_IMG_0203.jpg,"(120, 87)"
363,33_IMG_0177.jpg,"(120, 88)"
364,85_IMG_0284.jpg,"(120, 91)"
365,1.0_91.jpg,"(120, 97)"
366,103_IMG_0312.jpg,"(120, 111)"
367,1.0_203.jpg,"(120, 123)"
368,1.0_150.jpg,"(120, 134)"
369,227_NormalFeet166.jpg,"(120, 145)"
370,300_NormalFeet30.jpg,"(120, 167)"
371,1.0_273.jpg,"(121, 61)"
372,1.0_258.jpg,"(121, 62)"
373,362_NormalFeet87.jpg,"(121, 67)"
374,52_IMG_0223.jpg,"(121, 97)"
375,87_IMG_0289.jpg,"(121, 176)"
376,1.0_232.jpg,"(122, 104)"
377,1.0_161.jpg,"(122, 133)"
378,1.0_151.jpg,"(122, 171)"
379,1.0_133.jpg,"(122, 188)"
380,331_NormalFeet59.jpg,"(123, 50)"
381,170_NormalFeet114.jpg,"(123, 53)"
382,375_NormalFeet99.jpg,"(123, 60)"
383,1.0_174.jpg,"(123, 63)"
384,1.0_211.jpg,"(123, 89)"
385,1.0_281.jpg,"(123, 90)"
386,1.0_231.jpg,"(123, 120)"
387,112_IMG_0322.jpg,"(123, 148)"
388,40_IMG_0205.jpg,"(123, 169)"
389,167_NormalFeet111.jpg,"(124, 83)"
390,31_IMG_0173.jpg,"(124, 106)"
391,37_IMG_0202.jpg,"(124, 121)"
392,10_IMG_0133.jpg,"(124, 208)"
393,187_NormalFeet13.jpg,"(125, 57)"
394,96_IMG_0301.jpg,"(125, 90)"
395,1.0_141.jpg,"(125, 108)"
396,41_IMG_0206.jpg,"(125, 152)"
397,84_IMG_0283.jpg,"(126, 94)"
398,1.0_244.jpg,"(126, 128)"
399,261_NormalFeet197.jpg,"(126, 146)"
400,1.0_32.jpg,"(126, 231)"
401,339_NormalFeet66.jpg,"(127, 51)"
402,198_NormalFeet14.jpg,"(127, 61)"
403,89_IMG_0291.jpg,"(127, 65)"
404,263_NormalFeet199.jpg,"(127, 87)"
405,353_NormalFeet79.jpg,"(127, 91)"
406,229_NormalFeet168.jpg,"(128, 63)"
407,1.0_267.jpg,"(128, 150)"
408,42_IMG_0208.jpg,"(128, 190)"
409,147_IMG_0363.jpg,"(129, 105)"
410,126_IMG_0339.jpg,"(129, 219)"
411,346_NormalFeet72.jpg,"(130, 36)"
412,306_NormalFeet36.jpg,"(130, 72)"
413,1.0_234.jpg,"(130, 112)"
414,168_NormalFeet112.jpg,"(131, 23)"
415,1.0_276.jpg,"(131, 55)"
416,1.0_290.jpg,"(131, 77)"
417,1.0_128.jpg,"(131, 100)"
418,1.0_79.jpg,"(131, 185)"
419,1.0_255.jpg,"(131, 234)"
420,296_NormalFeet27.jpg,"(132, 74)"
421,48_IMG_0217.jpg,"(132, 100)"
422,1.0_261.jpg,"(132, 110)"
423,159_NormalFeet104.jpg,"(133, 169)"
424,1.0_94.jpg,"(133, 218)"
425,137_IMG_0351.jpg,"(135, 94)"
426,1.0_111.jpg,"(135, 103)"
427,1.0_238.jpg,"(135, 106)"
428,1.0_16.jpg,"(135, 173)"
429,356_NormalFeet81.jpg,"(136, 33)"
430,239_NormalFeet177.jpg,"(136, 55)"
431,3_IMG_0109.jpg,"(136, 121)"
432,1.0_156.jpg,"(136, 165)"
433,1.0_237.jpg,"(136, 166)"
434,54_IMG_0225.jpg,"(137, 83)"
435,29_IMG_0171.jpg,"(137, 99)"
436,363_NormalFeet88.jpg,"(137, 114)"
437,1.0_1.jpg,"(137, 136)"
438,1.0_28.jpg,"(138, 132)"
439,1.0_142.jpg,"(140, 69)"
440,150_IMG_0367.jpg,"(140, 137)"
441,1.0_145.jpg,"(141, 71)"
442,1.0_208.jpg,"(141, 103)"
443,49_IMG_0218.jpg,"(142, 87)"
444,1.0_247.jpg,"(142, 168)"
445,370_NormalFeet94.jpg,"(143, 71)"
446,36_IMG_0186.jpg,"(143, 92)"
447,1.0_198.jpg,"(143, 98)"
448,1.0_168.jpg,"(143, 112)"
449,1.0_216.jpg,"(144, 97)"
450,1.0_78.jpg,"(144, 128)"
451,1.0_206.jpg,"(144, 138)"
452,1.0_235.jpg,"(145, 164)"
453,1.0_214.jpg,"(145, 176)"
454,182_NormalFeet125.jpg,"(146, 45)"
455,344_NormalFeet70.jpg,"(147, 68)"
456,309_NormalFeet39.jpg,"(147, 72)"
457,1.0_93.jpg,"(147, 169)"
458,1.0_277.jpg,"(147, 174)"
459,1.0_34.jpg,"(148, 86)"
460,185_NormalFeet128.jpg,"(148, 89)"
461,1.0_148.jpg,"(148, 99)"
462,349_NormalFeet75.jpg,"(148, 101)"
463,1.0_194.jpg,"(148, 149)"
464,243_NormalFeet180.jpg,"(148, 173)"
465,1.0_81.jpg,"(148, 182)"
466,334_NormalFeet61.jpg,"(149, 40)"
467,71_IMG_0249.jpg,"(149, 85)"
468,1.0_287.jpg,"(149, 126)"
469,1.0_219.jpg,"(149, 293)"
470,156_NormalFeet101.jpg,"(152, 57)"
471,1.0_245.jpg,"(152, 95)"
472,1.0_197.jpg,"(152, 103)"
473,1.0_164.jpg,"(152, 119)"
474,1.0_270.jpg,"(152, 120)"
475,1.0_58.jpg,"(152, 138)"
476,1.0_95.jpg,"(153, 90)"
477,1.0_159.jpg,"(153, 115)"
478,1.0_249.jpg,"(153, 131)"
479,1.0_220.jpg,"(153, 145)"
480,1.0_47.jpg,"(154, 146)"
481,1.0_57.jpg,"(155, 65)"
482,153_NormalFeet1.jpg,"(155, 74)"
483,1.0_213.jpg,"(155, 154)"
484,175_NormalFeet119.jpg,"(155, 212)"
485,360_NormalFeet85.jpg,"(156, 49)"
486,1.0_42.jpg,"(157, 79)"
487,1.0_154.jpg,"(157, 103)"
488,1.0_280.jpg,"(157, 113)"
489,318_NormalFeet47.jpg,"(159, 44)"
490,1.0_177.jpg,"(159, 151)"
491,1.0_243.jpg,"(159, 165)"
492,308_NormalFeet38.jpg,"(160, 54)"
493,1.0_202.jpg,"(160, 151)"
494,1.0_239.jpg,"(162, 99)"
495,1.0_77.jpg,"(163, 108)"
496,1.0_83.jpg,"(165, 201)"
497,1.0_263.jpg,"(166, 133)"
498,172_NormalFeet116.jpg,"(166, 194)"
499,1.0_26.jpg,"(166, 205)"
500,1.0_53.jpg,"(167, 144)"
501,305_NormalFeet35.jpg,"(168, 54)"
502,317_NormalFeet46.jpg,"(170, 47)"
503,240_NormalFeet178.jpg,"(170, 94)"
504,1.0_49.jpg,"(170, 148)"
505,1.0_155.jpg,"(170, 199)"
506,1.0_51.jpg,"(171, 118)"
507,1.0_167.jpg,"(171, 154)"
508,1.0_210.jpg,"(171, 173)"
509,1.0_175.jpg,"(171, 176)"
510,1.0_274.jpg,"(172, 91)"
511,1.0_15.jpg,"(173, 96)"
512,1.0_162.jpg,"(173, 116)"
513,214_NormalFeet154.jpg,"(174, 140)"
514,1.0_183.jpg,"(174, 152)"
515,248_NormalFeet185.jpg,"(175, 102)"
516,1.0_266.jpg,"(176, 163)"
517,1.0_59.jpg,"(176, 163)"
518,1.0_24.jpg,"(177, 77)"
519,1.0_97.jpg,"(177, 142)"
520,1.0_61.jpg,"(177, 194)"
521,1.0_269.jpg,"(179, 94)"
522,1.0_31.jpg,"(179, 149)"
523,1.0_215.jpg,"(180, 83)"
524,1.0_226.jpg,"(180, 134)"
525,1.0_256.jpg,"(181, 233)"
526,1.0_114.jpg,"(183, 128)"
527,1.0_227.jpg,"(183, 184)"
528,1.0_89.jpg,"(185, 214)"
529,298_NormalFeet29.jpg,"(186, 85)"
530,1.0_153.jpg,"(186, 117)"
531,1.0_85.jpg,"(187, 110)"
532,1.0_152.jpg,"(189, 118)"
533,1.0_158.jpg,"(189, 217)"
534,253_NormalFeet19.jpg,"(192, 61)"
535,348_NormalFeet74.jpg,"(193, 54)"
536,1.0_45.jpg,"(194, 209)"
537,1.0_228.jpg,"(194, 253)"
538,1.0_37.jpg,"(195, 133)"
539,215_NormalFeet155.jpg,"(197, 106)"
540,1.0_38.jpg,"(198, 183)"
541,1.0_92.jpg,"(199, 129)"
542,1.0_190.jpg,"(199, 130)"
543,173_NormalFeet117.jpg,"(200, 80)"
544,1.0_233.jpg,"(200, 111)"
545,1.0_74.jpg,"(201, 111)"
546,1.0_184.jpg,"(201, 152)"
547,1.0_136.jpg,"(202, 104)"
548,1.0_46.jpg,"(202, 127)"
549,1.0_268.jpg,"(202, 128)"
550,1.0_173.jpg,"(202, 152)"
551,174_NormalFeet118.jpg,"(205, 81)"
552,1.0_40.jpg,"(205, 117)"
553,1.0_56.jpg,"(206, 143)"
554,1.0_87.jpg,"(207, 73)"
555,1.0_221.jpg,"(207, 126)"
556,1.0_171.jpg,"(208, 98)"
557,181_NormalFeet124.jpg,"(209, 116)"
558,166_NormalFeet110.jpg,"(215, 74)"
559,1.0_236.jpg,"(215, 168)"
560,1.0_36.jpg,"(215, 217)"
561,1.0_75.jpg,"(219, 105)"
562,1.0_39.jpg,"(222, 119)"
563,35_IMG_0179.jpg,"(224, 113)"
564,1.0_88.jpg,"(225, 141)"
565,1.0_22.jpg,"(227, 128)"
566,1.0_41.jpg,"(227, 143)"
567,1.0_229.jpg,"(228, 76)"
568,1.0_195.jpg,"(229, 96)"
569,1.0_241.jpg,"(231, 141)"
570,1.0_54.jpg,"(232, 141)"
571,1.0_178.jpg,"(236, 81)"
572,180_NormalFeet123.jpg,"(237, 84)"
573,1.0_134.jpg,"(244, 119)"
574,347_NormalFeet73.jpg,"(245, 68)"
575,1.0_44.jpg,"(251, 154)"
576,313_NormalFeet42.jpg,"(253, 66)"
577,1.0_242.jpg,"(253, 92)"
578,1.0_55.jpg,"(253, 127)"
579,285_NormalFeet218.jpg,"(259, 102)"
580,206_NormalFeet147.jpg,"(259, 325)"
581,157_NormalFeet102.jpg,"(261, 59)"
582,1.0_60.jpg,"(263, 95)"
583,1.0_185.jpg,"(263, 171)"
584,281_NormalFeet214.jpg,"(271, 115)"
585,1.0_43.jpg,"(277, 160)"
586,201_NormalFeet142.jpg,"(277, 439)"
587,208_NormalFeet149.jpg,"(277, 673)"
588,213_NormalFeet153.jpg,"(279, 246)"
589,1.0_146.jpg,"(283, 90)"
590,203_NormalFeet144.jpg,"(283, 458)"
591,204_NormalFeet145.jpg,"(307, 583)"
592,1.0_122.jpg,"(326, 214)"
593,205_NormalFeet146.jpg,"(331, 283)"
594,1.0_70.jpg,"(337, 270)"
595,207_NormalFeet148.jpg,"(343, 451)"
596,189_NormalFeet131.jpg,"(367, 493)"
597,280_NormalFeet213.jpg,"(369, 793)"
598,1.0_124.jpg,"(432, 947)"
599,286_NormalFeet219.jpg,"(439, 145)"
600,279_NormalFeet212.jpg,"(463, 337)"
601,197_NormalFeet139.jpg,"(475, 433)"
602,195_NormalFeet137.jpg,"(512, 349)"
603,1.0_119.jpg,"(512, 847)"
604,219_NormalFeet159.jpg,"(523, 643)"
605,216_NormalFeet156.jpg,"(589, 625)"
606,1.0_123.jpg,"(591, 727)"
607,191_NormalFeet133.jpg,"(607, 415)"
608,288_NormalFeet221.jpg,"(613, 199)"
609,200_NormalFeet141.jpg,"(613, 487)"
610,193_NormalFeet135.jpg,"(649, 457)"
611,211_NormalFeet151.jpg,"(649, 643)"
612,190_NormalFeet132.jpg,"(662, 445)"
613,192_NormalFeet134.jpg,"(674, 409)"
614,210_NormalFeet150.jpg,"(692, 433)"
615,194_NormalFeet136.jpg,"(697, 559)"
616,1.0_118.jpg,"(708, 1235)"
617,212_NormalFeet152.jpg,"(709, 751)"
618,1.0_121.jpg,"(723, 595)"
619,222_NormalFeet161.jpg,"(733, 973)"
620,196_NormalFeet138.jpg,"(752, 373)"
621,202_NormalFeet143.jpg,"(757, 295)"
622,218_NormalFeet158.jpg,"(770, 643)"
623,1.0_212.jpg,"(795, 911)"
624,284_NormalFeet217.jpg,"(812, 469)"
625,1.0_125.jpg,"(840, 340)"
626,1.0_69.jpg,"(867, 907)"
627,1.0_68.jpg,"(887, 663)"
628,1.0_64.jpg,"(924, 640)"
629,217_NormalFeet157.jpg,"(925, 313)"
630,199_NormalFeet140.jpg,"(967, 745)"
631,282_NormalFeet215.jpg,"(979, 480)"
632,1.0_66.jpg,"(1003, 560)"
633,1.0_73.jpg,"(1039, 660)"
634,1.0_63.jpg,"(1043, 836)"
635,283_NormalFeet216.jpg,"(1075, 565)"
636,1.0_65.jpg,"(1091, 708)"
637,221_NormalFeet160.jpg,"(1099, 799)"
638,1.0_67.jpg,"(1103, 1127)"
639,1.0_72.jpg,"(1210, 336)"
640,1.0_209.jpg,"(1366, 620)"
